txns,ours (s)
1024,0.015293
2048,0.022828
4096,0.030665
8192,0.057374
16384,0.152117
32768,0.325804
