txns,ours (s)
1024,0.01505
2048,0.025069
4096,0.03396
8192,0.072606
16384,0.153752
32768,0.326437
