txns,ours (s)
1024,0.012765
2048,0.014497
4096,0.021582
8192,0.05597
16384,0.080088
32768,0.192648
