txns,ours (s)
1024,0.007564
2048,0.01866
4096,0.022964
8192,0.039357
16384,0.077068
32768,0.142758
