txns,ours (s)
1024,0.070435
2048,0.138164
4096,0.254456
8192,0.494858
16384,0.92621
32768,2.250363
