txns,ours (s)
1024,0.042329
2048,0.079364
4096,0.153009
8192,0.27051
16384,0.459661
32768,1.061098
