txns,ours (s)
1024,0.055092
2048,0.078036
4096,0.172438
8192,0.336461
16384,0.546468
32768,1.2963
