txns,ours (s)
1024,0.011842
2048,0.019236
4096,0.021237
8192,0.036859
16384,0.090022
32768,0.172715
