txns,ours (s)
1024,0.010018
2048,0.017897
4096,0.019296
8192,0.030506
16384,0.097502
32768,0.152412
