sessions,ours (s)
10,1.934924
20,1.905291
30,1.846423
40,1.645569
50,1.572385
60,1.512098
70,1.517629
80,1.433039
90,1.367916
100,1.338298
