sessions,ours (s)
10,0.217963
20,0.224438
30,0.198391
40,0.229905
50,0.226791
60,0.222426
70,0.224518
80,0.225435
90,0.207712
100,0.219818
