sessions,ours (s)
10,2.455908
20,2.362772
30,2.313392
40,2.173157
50,1.978895
60,1.968626
70,1.915022
80,1.883238
90,1.789844
100,1.752204
