sessions,ours (s)
10,3.617887
20,3.714279
30,3.726376
40,3.595237
50,3.488022
60,3.460814
70,3.357103
80,3.308124
90,3.270313
100,3.206066
