sessions,ours (s)
10,1.964693
20,1.978797
30,1.906302
40,1.850838
50,1.768713
60,1.733104
70,1.61558
80,1.529505
90,1.546387
100,1.538618
