sessions,ours (s)
10,0.278455
20,0.292591
30,0.282266
40,0.289003
50,0.279871
60,0.283352
70,0.28368
80,0.261917
90,0.283116
100,0.281565
