sessions,ours (s)
10,0.285622
20,0.304743
30,0.272548
40,0.293962
50,0.291785
60,0.279949
70,0.282253
80,0.261982
90,0.287805
100,0.281368
