sessions,ours (s)
10,0.444063
20,0.507658
30,0.528566
40,0.558483
50,0.545201
60,0.565599
70,0.591364
80,0.600655
90,0.601944
100,0.609194
