sessions,ours (s)
10,0.448834
20,0.520733
30,0.523841
40,0.525134
50,0.549248
60,0.574434
70,0.591991
80,0.593753
90,0.586084
100,0.587755
