sessions,ours (s)
10,0.219497
20,0.223782
30,0.206356
40,0.206891
50,0.194891
60,0.205206
70,0.17977
80,0.211545
90,0.199278
100,0.207143
