sessions,ours (s)
10,1.90815
20,1.876843
30,1.676424
40,1.625548
50,1.497306
60,1.489215
70,1.467305
80,1.404697
90,1.366462
100,1.301919
