sessions,ours (s)
10,0.383038
20,0.425697
30,0.473182
40,0.485865
50,0.5243
60,0.545837
70,0.531443
80,0.578952
90,0.59739
100,0.619714
