sessions,ours (s)
10,0.45227
20,0.496407
30,0.495601
40,0.523373
50,0.495806
60,0.487065
70,0.493051
80,0.480552
90,0.505091
100,0.498563
