sessions,ours (s)
10,0.273605
20,0.241393
30,0.256773
40,0.256018
50,0.261194
60,0.23708
70,0.257976
80,0.257631
90,0.256071
100,0.259591
