sessions,ours (s)
10,3.546756
20,3.633746
30,3.532815
40,3.487029
50,3.353923
60,3.352688
70,3.28449
80,3.21879
90,3.197336
100,3.161502
