sessions,ours (s)
10,0.285969
20,0.249379
30,0.280158
40,0.253202
50,0.237187
60,0.249649
70,0.262577
80,0.234943
90,0.247619
100,0.243064
