sessions,ours (s)
10,0.262842
20,0.290581
30,0.268933
40,0.293237
50,0.297428
60,0.268934
70,0.290714
80,0.282903
90,0.281924
100,0.287448
