sessions,ours (s)
10,2.480385
20,2.450646
30,2.408172
40,2.386696
50,2.237743
60,2.24201
70,2.098055
80,1.979384
90,1.992658
100,1.966114
