sessions,ours (s)
10,0.229199
20,0.236066
30,0.240262
40,0.237995
50,0.233922
60,0.226664
70,0.203944
80,0.210335
90,0.237684
100,0.202024
