sessions,ours (s)
10,0.27729
20,0.291035
30,0.287242
40,0.260692
50,0.2792
60,0.265343
70,0.262016
80,0.270465
90,0.267107
100,0.264336
