sessions,ours (s)
10,0.233662
20,0.207229
30,0.241315
40,0.239757
50,0.205315
60,0.220952
70,0.226995
80,0.231905
90,0.244082
100,0.22004
