sessions,ours (s)
10,0.359262
20,0.394803
30,0.427903
40,0.434153
50,0.458568
60,0.450276
70,0.455246
80,0.496159
90,0.513011
100,0.527491
