sessions,ours (s)
10,2.409441
20,2.334317
30,2.20884
40,2.108948
50,1.908214
60,1.907576
70,1.903694
80,1.829631
90,1.74969
100,1.688297
