sessions,ours (s)
10,0.401373
20,0.460359
30,0.491511
40,0.484009
50,0.520001
60,0.545294
70,0.561233
80,0.566316
90,0.584734
100,0.569645
