sessions,ours (s)
10,0.213031
20,0.225082
30,0.206982
40,0.21121
50,0.206395
60,0.227234
70,0.19732
80,0.222692
90,0.227133
100,0.222333
