sessions,ours (s)
10,3.634427
20,3.797393
30,2.860915
40,3.900998
50,3.792601
60,3.857274
70,3.708225
80,3.597849
90,3.646784
100,3.554596
