sessions,ours (s)
10,0.235283
20,0.203621
30,0.231927
40,0.222516
50,0.220684
60,0.210761
70,0.216315
80,0.1976
90,0.199327
100,0.207631
