ops_per_txn,ours (s)
10,0.066335
20,0.148811
30,0.217612
40,0.299171
50,0.351403
60,0.425793
70,0.527983
80,0.601413
90,0.653181
100,0.747616
