ops_per_txn,ours (s)
10,0.125186
20,0.208375
30,0.306615
40,0.387659
50,0.500917
60,0.616616
70,0.708179
80,0.821569
90,0.89299
100,1.014427
