ops_per_txn,ours (s)
10,0.088565
20,0.140675
30,0.149899
40,0.199783
50,0.213926
60,0.244532
70,0.312754
80,0.367232
90,0.39285
100,0.450445
