ops_per_txn,ours (s)
10,0.102823
20,0.173207
30,0.200322
40,0.277123
50,0.36682
60,0.451884
70,0.586667
80,0.748695
90,0.822254
100,1.129618
