ops_per_txn,ours (s)
10,0.116995
20,0.180296
30,0.252363
40,0.34562
50,0.45227
60,0.545499
70,0.688277
80,0.794362
90,0.881661
100,0.988846
