ops_per_txn,ours (s)
10,0.133432
20,0.312234
30,0.455827
40,0.643833
50,0.800436
60,0.970263
70,1.129228
80,1.416012
90,1.571362
100,1.961672
