ops_per_txn,ours (s)
10,0.16318
20,0.332441
30,0.5245
40,0.829955
50,1.196038
60,1.715718
70,2.217933
80,2.796367
90,3.30018
100,4.168529
