ops_per_txn,ours (s)
10,0.092901
20,0.142527
30,0.202254
40,0.269946
50,0.334473
60,0.390902
70,0.493851
80,0.583098
90,0.637073
100,0.726702
