ops_per_txn,ours (s)
10,0.056816
20,0.095457
30,0.087331
40,0.144977
50,0.156141
60,0.181505
70,0.232992
80,0.27049
90,0.294727
100,0.344495
