txns,ours (s),plume (s)
1024,0.124424,1.940436
2048,0.188224,2.618871
4096,0.364574,4.367692
8192,0.640071,7.001254
16384,1.289961,11.566914
32768,2.683378,23.002843
65536,5.65495,49.929521
131072,11.747898,204.848887
262144,23.397241,582.597595
524288,47.577269,3271.816493
1048576,103.902398,DNF
