txns,ours (s),plume (s),dbcop (s)
1024,0.125726,1.922537,0.95724
2048,0.227117,2.65602,48.968997
4096,0.371054,4.099111,1249.170688
8192,0.699137,6.713031,DNR
16384,1.558371,11.347991,DNR
32768,3.239174,23.276365,DNR
65536,7.116024,51.241858,DNR
131072,15.647609,148.215007,DNR
262144,34.157039,683.31976,DNR
524288,80.988542,2065.089127,DNR
1048576,234.845097,DNF,DNR
