txns,ours (s),plume (s),dbcop (s)
1024,0.031894,0.945557,0.08055
2048,0.063639,1.31513,1.724362
4096,0.095378,2.141574,98.430323
8192,0.179696,2.94143,DNR
16384,0.292362,4.296907,DNR
32768,0.690265,7.90075,DNR
65536,1.598106,26.946868,DNR
131072,4.077959,114.989965,DNR
262144,9.707969,549.235561,DNR
524288,22.333924,1953.912582,DNR
1048576,49.106109,DNF,DNR
