txns,ours (s),plume (s)
1024,0.014531,1.03739
2048,0.015654,1.310633
4096,0.031807,1.882546
8192,0.043409,2.66601
16384,0.083626,4.411502
32768,0.186254,7.86396
65536,0.381927,25.97166
131072,0.843033,117.765504
262144,2.02793,547.21552
524288,4.437646,2073.76832
1048576,9.226958,DNF
