txns,ours (s),plume (s)
1024,0.02722,1.023705
2048,0.043175,1.334155
4096,0.045196,1.941193
8192,0.125201,3.083896
16384,0.212218,4.106436
32768,0.376914,8.847469
65536,0.750536,31.005718
131072,1.470217,146.330918
262144,3.215403,606.286888
524288,6.668976,1869.839436
1048576,13.763698,6251.596956
