txns,ours (s),plume (s)
1024,0.132662,1.959267
2048,0.201735,2.511552
4096,0.379681,3.932481
8192,0.640282,6.668321
16384,1.267774,11.155357
32768,2.666712,23.624833
65536,5.636056,52.729141
131072,12.029017,150.415316
262144,23.123274,692.264021
524288,47.032177,2134.50918
1048576,100.258176,DNF
