txns,ours (s),plume (s)
1024,0.075834,1.818095
2048,0.142516,2.466659
4096,0.2967,3.888099
8192,0.590671,5.837954
16384,1.329612,9.742069
32768,2.734463,17.852407
65536,5.742421,35.069774
131072,12.181456,87.679055
262144,24.603365,373.433637
524288,48.200441,974.876908
1048576,103.73989,DNF
