#txns,ours (s),plume (s)
1024,0.016561,0.823776
2048,0.042542,1.228134
4096,0.078919,1.663309
8192,0.124437,2.501055
16384,0.170834,4.131541
32768,0.360277,11.835504
65536,0.677661,32.533471
131072,1.326935,150.973563
262144,2.660495,396.763902
524288,5.396639,1421.285331
1048576,11.217412,4903.733882
