txns,ours (s),plume (s)
1024,0.02825,0.999286
2048,0.026206,1.390424
4096,0.08321,1.877522
8192,0.098204,3.045055
16384,0.225677,4.60598
32768,0.363445,7.517483
65536,0.776671,16.985276
131072,1.521827,39.17912
262144,3.130976,232.720993
524288,6.582326,1085.855774
1048576,13.798413,3131.838601
