txns,ours (s),plume (s),dbcop (s)
1024,0.144221,2.242805,0.679382
2048,0.229814,2.593909,23.046927
4096,0.566849,4.16043,1004.317338
8192,1.026954,6.577749,DNR
16384,1.172873,10.49809,DNR
32768,5.025802,19.107278,DNR
65536,10.345758,39.244312,DNR
131072,22.385414,97.366913,DNR
262144,50.12172,386.742879,DNR
524288,108.594373,1041.851373,DNR
1048576,259.846909,DNF,DNR
