txns,ours (s),plume (s)
1024,0.026913,1.020542
2048,0.03191,1.460413
4096,0.072319,2.066019
8192,0.138377,2.822374
16384,0.22145,3.938965
32768,0.39519,6.381215
65536,0.746293,11.931742
131072,1.562642,24.754482
262144,3.215898,56.565998
524288,6.627319,192.69694
1048576,13.263007,695.25055
