txns,ours (s),plume (s)
1024,0.025216,1.017745
2048,0.042228,1.187082
4096,0.0767,1.805202
8192,0.118976,2.155743
16384,0.162953,3.322851
32768,0.347425,5.73674
65536,0.648446,11.23783
131072,1.349059,35.204775
262144,2.905779,173.108467
524288,5.865482,799.204318
1048576,11.977408,2917.04708
