txns,ours (s),plume (s)
1024,0.065626,1.793577
2048,0.100369,2.361951
4096,0.185448,3.86146
8192,0.327301,5.472991
16384,0.567454,10.538983
32768,1.165672,23.033064
65536,2.660234,51.525074
131072,6.392221,150.988125
262144,13.23002,526.784745
524288,26.553265,4965.275801
1048576,54.540048,DNF
