txns,ours (s),plume (s),dbcop (s)
1024,0.035326,0.915004,0.146338
2048,0.034157,1.411313,1.164168
4096,0.107628,1.94407,128.062184
8192,0.168052,2.741909,DNR
16384,0.30612,4.62276,DNR
32768,0.620954,6.501876,DNR
65536,1.317611,12.775219,DNR
131072,3.045711,36.020117,DNR
262144,6.825572,175.238544,DNR
524288,14.541594,749.521188,DNR
1048576,30.662004,2750.010344,DNR
