txns,ours (s),plume (s),dbcop (s)
1024,0.024099,1.056229,0.179803
2048,0.066434,1.348315,4.752481
4096,0.10803,2.111422,151.801929
8192,0.175006,2.89206,DNR
16384,0.303731,4.193951,DNR
32768,0.628719,6.563051,DNR
65536,1.328818,12.057663,DNR
131072,2.973167,24.605354,DNR
262144,6.696899,55.248542,DNR
524288,15.477119,181.286522,DNR
1048576,37.28957,668.119728,DNR
