txns,ours (s),plume (s)
1024,0.011553,0.868763
2048,0.01939,1.48067
4096,0.036984,2.053634
8192,0.053944,3.291199
16384,0.103859,5.336933
32768,0.189257,12.566366
65536,0.330118,34.472782
131072,0.682557,158.746651
262144,1.441066,413.066041
524288,3.109231,1481.066128
1048576,6.612718,4955.392688
