txns,ours (s),plume (s)
1024,0.008572,0.915964
2048,0.011234,1.22488
4096,0.034043,1.661365
8192,0.052659,2.303883
16384,0.101354,2.855469
32768,0.156237,5.487049
65536,0.295314,9.116274
131072,0.544327,17.798481
262144,1.044303,37.016342
524288,2.211602,133.642213
1048576,4.72943,383.522931
