#txns,ours (s),plume (s)
1024,0.025341,0.863499
2048,0.042663,1.237375
4096,0.074775,1.671027
8192,0.105033,2.284889
16384,0.211476,3.223832
32768,0.400479,6.712066
65536,0.802799,20.499276
131072,1.712937,86.33983
262144,3.796829,611.40708
524288,8.248984,3244.725389
1048576,17.331815,DNF
