txns,ours (s)
1024,0.031886
2048,0.07921
4096,0.141266
8192,0.227696
16384,0.504696
32768,1.139083
65536,2.511398
131072,5.018617
262144,9.461802
524288,21.877213
1048576,53.933376
