txns,ours (s)
1024,0.009696
2048,0.019678
4096,0.033891
8192,0.05147
16384,0.105616
32768,0.192656
65536,0.350018
131072,0.721179
262144,1.592079
524288,3.414828
1048576,7.378377
