txns,ours (s)
1024,0.008441
2048,0.016191
4096,0.019826
8192,0.034406
16384,0.095506
32768,0.145615
65536,0.333792
131072,0.62681
262144,1.37432
524288,3.062608
1048576,6.815179
