txns,ours (s)
1024,0.077212
2048,0.125593
4096,0.25357
8192,0.531788
16384,0.991398
32768,2.274459
65536,5.137793
131072,11.618628
262144,25.419929
524288,59.343773
1048576,142.164888
