txns,ours (s)
1024,0.008549
2048,0.018505
4096,0.026635
8192,0.050774
16384,0.073256
32768,0.17931
65536,0.356918
131072,0.880924
262144,2.178884
524288,4.946354
1048576,9.775894
