txns,ours (s)
1024,0.06405
2048,0.095694
4096,0.228502
8192,0.434585
16384,0.595694
32768,2.168522
65536,4.867145
131072,11.020247
262144,23.589949
524288,53.69717
1048576,135.941705
