txns,ours (s)
1024,0.014078
2048,0.016792
4096,0.028763
8192,0.044182
16384,0.076341
32768,0.161561
65536,0.245107
131072,0.506755
262144,1.054474
524288,2.398941
1048576,5.069555
