txns,ours (s)
1024,0.013156
2048,0.016322
4096,0.031235
8192,0.049586
16384,0.088245
32768,0.172362
65536,0.375392
131072,0.846406
262144,2.096396
524288,4.884995
1048576,9.701695
