txns,ours (s)
1024,0.01054
2048,0.015201
4096,0.026431
8192,0.035344
16384,0.079438
32768,0.115343
65536,0.247814
131072,0.471495
262144,0.96131
524288,2.136032
1048576,4.527827
