txns,ours (s)
1024,0.033973
2048,0.078212
4096,0.189058
8192,0.270456
16384,0.58009
32768,1.269654
65536,2.88591
131072,6.451272
262144,12.746533
524288,24.738119
1048576,56.457372
