txns,ours (s)
1024,0.0378
2048,0.056346
4096,0.102921
8192,0.220679
16384,0.400593
32768,0.994244
65536,2.166249
131072,5.031541
262144,8.810298
524288,18.841365
1048576,44.753691
