txns,ours (s)
1024,0.010142
2048,0.02363
4096,0.042855
8192,0.07738
16384,0.160652
32768,0.334253
65536,0.710566
131072,1.804994
262144,4.354979
524288,10.457698
1048576,24.970134
