txns,ours (s)
1024,0.011321
2048,0.014876
4096,0.015445
8192,0.029226
16384,0.070348
32768,0.150033
65536,0.237451
131072,0.497161
262144,0.964774
524288,2.166216
1048576,4.891531
