txns,ours (s)
1024,0.01113
2048,0.018866
4096,0.020781
8192,0.037723
16384,0.09557
32768,0.188971
65536,0.368111
131072,0.881508
262144,2.146466
524288,4.928449
1048576,9.784574
