txns,ours (s)
1024,0.072477
2048,0.08604
4096,0.14608
8192,0.334208
16384,0.554273
32768,1.340672
65536,3.054936
131072,6.794367
262144,13.533003
524288,27.028669
1048576,56.529668
