txns,ours (s)
1024,0.066793
2048,0.099265
4096,0.238533
8192,0.450906
16384,0.915832
32768,2.217625
65536,5.000006
131072,11.166561
262144,24.879567
524288,58.856847
1048576,156.20069
