txns,ours (s)
1024,0.04057
2048,0.073801
4096,0.09845
8192,0.184329
16384,0.435713
32768,0.97297
65536,2.052941
131072,3.85331
262144,7.879291
524288,17.613116
1048576,41.311245
