txns,ours (s)
1024,0.037585
2048,0.065582
4096,0.157956
8192,0.216548
16384,0.466171
32768,0.970429
65536,2.301373
131072,5.182405
262144,9.336574
524288,18.024328
1048576,41.89449
