txns,ours (s)
1024,0.012356
2048,0.014673
4096,0.028743
8192,0.032116
16384,0.07483
32768,0.154716
65536,0.26731
131072,0.48886
262144,1.094267
524288,2.505746
1048576,5.020082
