txns,ours (s)
1024,0.064282
2048,0.07911
4096,0.15322
8192,0.270298
16384,0.474954
32768,1.082534
65536,2.456519
131072,5.440096
262144,11.301871
524288,22.24176
1048576,46.325901
