txns,ours (s)
1024,0.009179
2048,0.016258
4096,0.026046
8192,0.04805
16384,0.075979
32768,0.123899
65536,0.274002
131072,0.647378
262144,1.597084
524288,3.275179
1048576,7.148995
