txns,ours (s)
1024,0.015668
2048,0.025149
4096,0.045091
8192,0.08208
16384,0.163722
32768,0.359583
65536,0.816028
131072,2.151598
262144,5.363493
524288,12.976158
1048576,31.398181
