txns,ours (s)
1024,0.007659
2048,0.020073
4096,0.026799
8192,0.038018
16384,0.073727
32768,0.150077
65536,0.312537
131072,0.681749
262144,1.505089
524288,3.492693
1048576,7.319897
