txns,ours (s)
1024,0.016969
2048,0.02088
4096,0.042784
8192,0.070897
16384,0.170678
32768,0.340552
65536,0.812345
131072,2.321966
262144,6.227122
524288,15.089821
1048576,32.23036
