txns,ours (s)
1024,0.010737
2048,0.018198
4096,0.030577
8192,0.044604
16384,0.091118
32768,0.162875
65536,0.300481
131072,0.676121
262144,1.476311
524288,3.265025
1048576,7.122732
