txns,ours (s)
1024,0.007418
2048,0.014421
4096,0.028922
8192,0.030368
16384,0.071371
32768,0.12003
65536,0.283461
131072,0.567821
262144,1.176453
524288,2.558011
1048576,5.221103
