txns,ours (s)
1024,0.010221
2048,0.016514
4096,0.02448
8192,0.036226
16384,0.108317
32768,0.172058
65536,0.333991
131072,0.713952
262144,1.519968
524288,3.455612
1048576,7.015996
