txns,ours (s)
1024,0.012482
2048,0.01737
4096,0.045408
8192,0.059468
16384,0.147789
32768,0.344253
65536,0.829704
131072,2.347468
262144,6.161422
524288,14.980039
1048576,31.856793
