txns,ours (s)
1024,0.075453
2048,0.106178
4096,0.277228
8192,0.444562
16384,0.869534
32768,2.12342
65536,4.699067
131072,10.624792
262144,21.825425
524288,50.590628
1048576,126.224569
