txns,ours (s)
1024,0.011085
2048,0.010551
4096,0.022602
8192,0.028273
16384,0.056732
32768,0.120278
65536,0.227587
131072,0.554539
262144,1.053906
524288,2.432424
1048576,5.075187
