txns,ours (s)
1024,0.013372
2048,0.017454
4096,0.022479
8192,0.048749
16384,0.088591
32768,0.13051
65536,0.298925
131072,0.751018
262144,1.465059
524288,3.485211
1048576,7.259607
