txns,ours (s)
1024,0.044214
2048,0.056472
4096,0.124373
8192,0.210746
16384,0.42106
32768,0.950137
65536,2.087711
131072,3.834688
262144,8.040537
524288,18.254306
1048576,44.853893
