txns,ours (s)
1024,0.015105
2048,0.01832
4096,0.042997
8192,0.05885
16384,0.151767
32768,0.372969
65536,0.899421
131072,2.645225
262144,7.489351
524288,19.568226
1048576,45.34525
