txns,ours (s)
1024,0.012723
2048,0.01316
4096,0.022003
8192,0.052376
16384,0.085122
32768,0.178633
65536,0.365824
131072,0.744671
262144,1.661345
524288,3.618185
1048576,7.327987
