txns,ours (s)
1024,0.013094
2048,0.019693
4096,0.026694
8192,0.074026
16384,0.146007
32768,0.291777
65536,0.692099
131072,1.880269
262144,4.697013
524288,11.436724
1048576,27.950673
