txns,ours (s)
1024,0.053035
2048,0.12161
4096,0.21844
8192,0.398055
16384,0.851242
32768,2.09363
65536,4.718557
131072,10.037322
262144,21.867793
524288,53.709278
1048576,44.974686
