txns,ours (s)
1024,0.0124
2048,0.014013
4096,0.021723
8192,0.05658
16384,0.100769
32768,0.185827
65536,0.33578
131072,0.735843
262144,1.589354
524288,3.45534
1048576,7.198026
