txns,ours (s)
1024,0.014752
2048,0.025102
4096,0.036826
8192,0.079379
16384,0.16834
32768,0.354279
65536,0.837869
131072,2.157086
262144,5.3172
524288,13.098743
1048576,31.858545
