txns,ours (s)
1024,0.013515
2048,0.018237
4096,0.033205
8192,0.090455
16384,0.158471
32768,0.371148
65536,0.88248
131072,2.666312
262144,7.63614
524288,20.40475
1048576,47.202503
