txns,ours (s)
1024,0.008613
2048,0.018207
4096,0.028815
8192,0.047495
16384,0.064923
32768,0.130319
65536,0.262694
131072,0.484744
262144,1.049887
524288,2.459292
1048576,5.031499
