txns,ours (s)
1024,0.015039
2048,0.018314
4096,0.041696
8192,0.061202
16384,0.162379
32768,0.307378
65536,0.709957
131072,1.756039
262144,4.379361
524288,10.690787
1048576,24.946358
