txns,ours (s)
1024,0.03871
2048,0.08662
4096,0.176469
8192,0.262828
16384,0.518696
32768,1.18968
65536,2.75515
131072,6.268468
262144,11.459049
524288,22.870117
1048576,53.693306
