txns,ours (s)
1024,0.010429
2048,0.024352
4096,0.031122
8192,0.055715
16384,0.120845
32768,0.29439
65536,0.702853
131072,1.894158
262144,4.72411
524288,11.810057
1048576,27.082281
