txns,ours (s)
1024,0.012274
2048,0.014111
4096,0.022148
8192,0.030674
16384,0.084818
32768,0.135481
65536,0.282381
131072,0.508658
262144,1.060423
524288,2.329472
1048576,4.941899
