txns,ours (s)
1024,0.012209
2048,0.021449
4096,0.029229
8192,0.05254
16384,0.144608
32768,0.274762
65536,0.639226
131072,1.576867
262144,3.847506
524288,9.073143
1048576,22.701466
