txns,ours (s)
1024,0.061365
2048,0.103309
4096,0.19087
8192,0.377468
16384,0.875187
32768,2.047852
65536,4.504731
131072,9.886881
262144,20.776328
524288,52.029518
1048576,137.201088
