txns,ours (s)
1024,0.012117
2048,0.014206
4096,0.031429
8192,0.052421
16384,0.097766
32768,0.188467
65536,0.360457
131072,0.864886
262144,2.123009
524288,4.797503
1048576,9.935389
