txns,ours (s)
1024,0.035746
2048,0.084507
4096,0.132128
8192,0.25315
16384,0.487024
32768,1.157827
65536,2.622553
131072,5.276752
262144,10.054129
524288,22.575265
1048576,55.759279
