txns,ours (s)
1024,0.049598
2048,0.064561
4096,0.143687
8192,0.205887
16384,0.469065
32768,0.975561
65536,2.249648
131072,5.308886
262144,10.318798
524288,19.932855
1048576,46.331674
