txns,ours (s)
1024,0.012458
2048,0.015528
4096,0.02728
8192,0.053387
16384,0.09265
32768,0.193303
65536,0.366743
131072,0.707491
262144,1.670964
524288,3.476567
1048576,7.301709
