txns,ours (s)
1024,0.044791
2048,0.088525
4096,0.149372
8192,0.26034
16384,0.528075
32768,1.245075
65536,2.774434
131072,5.852613
262144,11.035839
524288,23.532696
1048576,56.428954
