txns,ours (s)
1024,0.011548
2048,0.016869
4096,0.029395
8192,0.042847
16384,0.072041
32768,0.160332
65536,0.265675
131072,0.609608
262144,1.380425
524288,3.141248
1048576,7.046424
