txns,ours (s)
1024,0.014068
2048,0.017322
4096,0.035875
8192,0.082804
16384,0.147059
32768,0.296407
65536,0.73238
131072,1.773065
262144,4.263797
524288,10.004932
1048576,20.113529
