txns,ours (s)
1024,0.009389
2048,0.016971
4096,0.028017
8192,0.05134
16384,0.09796
32768,0.151922
65536,0.323903
131072,0.648441
262144,1.39124
524288,3.019784
1048576,6.67298
