txns,ours (s)
50000,0.239794
60000,0.277138
70000,0.293804
80000,0.382813
90000,0.441703
100000,0.477421
110000,0.558704
120000,0.6022
130000,0.65219
140000,0.727994
