txns,ours (s)
50000,0.261974
60000,0.345187
70000,0.411949
80000,0.485534
90000,0.54937
100000,0.622964
110000,0.701846
120000,0.779556
130000,0.87412
140000,0.921787
