txns,ours (s)
50000,0.237376
60000,0.257225
70000,0.313677
80000,0.384205
90000,0.391614
100000,0.460964
110000,0.562172
120000,0.593943
130000,0.637178
140000,0.686545
