txns,ours (s)
50000,0.62319
60000,0.793178
70000,0.982868
80000,1.176214
90000,1.467807
100000,1.743828
110000,2.007169
120000,2.279233
130000,2.573117
140000,2.936279
