txns,ours (s)
50000,0.20577
60000,0.23703
70000,0.283146
80000,0.333242
90000,0.366082
100000,0.393601
110000,0.412648
120000,0.480439
130000,0.515786
140000,0.572867
