txns,ours (s)
50000,0.613021
60000,0.785395
70000,0.950659
80000,1.140446
90000,1.496345
100000,1.679211
110000,1.997775
120000,2.269975
130000,2.55621
140000,2.835289
