txns,ours (s)
50000,0.261133
60000,0.348031
70000,0.403871
80000,0.449138
90000,0.525949
100000,0.613478
110000,0.720322
120000,0.760217
130000,0.831694
140000,0.908406
