txns,ours (s)
50000,0.49679
60000,0.615579
70000,0.730428
80000,0.897982
90000,1.025705
100000,1.199767
110000,1.420415
120000,1.582777
130000,1.822305
140000,1.990698
