txns,ours (s)
50000,0.244988
60000,0.278571
70000,0.316777
80000,0.367025
90000,0.428008
100000,0.494265
110000,0.535688
120000,0.569076
130000,0.662845
140000,0.699326
