ops_per_txn,ours (s)
10,0.500223
20,0.402555
30,0.319442
40,0.347134
50,0.314905
60,0.310604
70,0.348719
80,0.342005
90,0.327403
100,0.337035
