ops_per_txn,ours (s)
10,4.387492
20,3.318103
30,2.603278
40,2.622788
50,2.165297
60,2.014353
70,2.066477
80,2.005855
90,1.910868
100,1.967574
