ops_per_txn,ours (s)
10,0.691984
20,0.6657
30,0.637375
40,0.693234
50,0.704991
60,0.694727
70,0.743176
80,0.753513
90,0.747397
100,0.751916
