ops_per_txn,ours (s)
10,0.951477
20,0.823475
30,0.853468
40,0.869716
50,0.896072
60,0.941898
70,0.948851
80,0.989759
90,0.97632
100,0.979877
