ops_per_txn,ours (s)
10,0.675772
20,0.595699
30,0.598906
40,0.62766
50,0.63236
60,0.612505
70,0.693164
80,0.71399
90,0.688811
100,0.727876
