ops_per_txn,ours (s)
10,5.147465
20,4.133371
30,4.022409
40,4.070243
50,4.12395
60,4.258307
70,4.011734
80,4.22929
90,3.962184
100,4.081756
