ops_per_txn,ours (s)
10,0.933287
20,0.945638
30,0.950154
40,0.980006
50,0.987882
60,0.981377
70,1.044704
80,1.024223
90,1.023985
100,1.007315
