ops_per_txn,ours (s)
10,0.672777
20,0.506291
30,0.484173
40,0.444128
50,0.442597
60,0.451224
70,0.460939
80,0.430544
90,0.440649
100,0.465286
