ops_per_txn,ours (s)
10,2.728617
20,1.818533
30,1.348154
40,1.18652
50,1.110667
60,1.082197
70,1.076779
80,1.052393
90,1.005419
100,1.20651
