#sessions,ours (s),plume (s)
10,0.662007,7.10769
20,0.707286,8.438498
30,0.761459,8.133469
40,0.791742,7.94041
50,0.857949,13.108024
60,0.916219,17.469327
70,0.950652,17.888343
80,0.984468,22.876933
90,1.036098,26.882857
100,1.083326,31.012979
