#sessions,ours (s),plume (s)
10,0.667083,9.504493
20,0.671857,8.302957
30,0.657672,9.400829
40,0.662957,9.766014
50,0.664382,9.217567
60,0.669567,8.668248
70,0.64929,9.07108
80,0.667182,10.012776
90,0.659681,9.305149
100,0.661732,10.170396
