#sessions,ours (s),plume (s)
10,4.763568,27.701642
20,4.66841,35.232096
30,4.4476,32.861962
40,4.353508,33.290637
50,4.111496,35.62287
60,4.078274,38.550072
70,4.034674,37.767177
80,3.90707,41.169088
90,3.864389,47.610996
100,3.764339,45.864984
