#sessions,ours (s),plume (s)
10,6.132946,26.462485
20,6.598095,34.890684
30,6.854685,33.77275
40,7.235537,35.234089
50,7.302709,35.834167
60,7.664267,39.927764
70,8.015099,37.45029
80,8.060343,40.301791
90,8.385281,48.142236
100,8.455904,48.960663
