sessions,ours (s),plume (s)
10,0.593485,8.787501
20,0.604565,7.679484
30,0.597932,7.919437
40,0.570566,8.478168
50,0.564995,7.806806
60,0.567036,7.434425
70,0.60095,7.818648
80,0.569447,7.972368
90,0.601039,8.076847
100,0.554555,7.986906
