#sessions,ours (s),plume (s)
10,0.694546,8.598099
20,0.780162,7.727243
30,0.856517,8.71692
40,0.912649,8.435683
50,0.962931,8.717922
60,1.032715,8.696589
70,1.066284,8.795389
80,1.084401,9.60207
90,1.168034,9.619252
100,1.230722,9.560068
