sessions,ours (s),plume (s)
10,4.618467,26.043487
20,4.485746,33.788223
30,4.277993,30.629305
40,4.27075,31.949925
50,4.036743,34.984652
60,4.006788,36.5389
70,3.947761,36.740796
80,3.849896,37.07757
90,3.769153,45.620306
100,3.649403,45.662664
