sessions,ours (s),plume (s)
10,0.306963,9.136514
20,0.297181,8.180108
30,0.283061,11.099229
40,0.293063,14.038463
50,0.290111,12.868234
60,0.2983,14.980552
70,0.291717,12.499229
80,0.293269,10.288862
90,0.288154,11.476114
100,0.291241,16.475676
