sessions,ours (s),plume (s)
10,0.225273,7.651491
20,0.218693,6.622107
30,0.230586,7.23422
40,0.227425,6.659639
50,0.200967,6.623426
60,0.227385,7.163629
70,0.181569,6.860108
80,0.228279,7.439521
90,0.225853,6.668222
100,0.229046,6.389544
