sessions,ours (s)
10,0.492728
20,0.482353
30,0.479578
40,0.467097
50,0.487584
60,0.487592
70,0.510381
80,0.487461
90,0.499103
100,0.484546
