sessions,ours (s)
10,0.640343
20,0.604163
30,0.612702
40,0.621494
50,0.627967
60,0.59908
70,0.625814
80,0.624378
90,0.590394
100,0.628878
