sessions,ours (s)
10,0.4737
20,0.469694
30,0.466296
40,0.452237
50,0.423226
60,0.411821
70,0.410046
80,0.4049
90,0.389578
100,0.391556
