sessions,ours (s)
10,0.652487
20,0.639221
30,0.623852
40,0.630549
50,0.603216
60,0.614204
70,0.622115
80,0.610632
90,0.590749
100,0.614847
