sessions,ours (s)
10,0.618534
20,0.600926
30,0.586426
40,0.573378
50,0.500638
60,0.519063
70,0.498891
80,0.484
90,0.48838
100,0.4662
