sessions,ours (s)
10,0.486878
20,0.477713
30,0.468678
40,0.479385
50,0.489153
60,0.499399
70,0.478285
80,0.505098
90,0.504608
100,0.485499
