sessions,ours (s)
10,1.066013
20,1.223857
30,1.373813
40,1.463068
50,1.563456
60,1.601766
70,1.614448
80,1.652583
90,1.707821
100,1.697516
