sessions,ours (s)
10,1.023676
20,1.171884
30,1.225472
40,1.205788
50,1.165435
60,1.147468
70,1.145844
80,1.159213
90,1.17153
100,1.193384
