sessions,ours (s)
10,1.079249
20,1.204368
30,1.350791
40,1.496564
50,1.54226
60,1.570331
70,1.612767
80,1.664893
90,1.66391
100,1.722012
