txns,ours (s),plume (s),dbcop (s)
1024,0.163292,2.02403,0.260352
2048,0.260052,2.88886,5.326468
4096,0.449135,4.09393,256.207883
8192,0.920912,6.282244,DNR
16384,1.977489,9.995096,DNR
32768,4.194898,20.085771,DNR
65536,8.85389,58.746138,DNR
131072,20.499223,132.454931,DNR
262144,43.304224,594.242668,DNR
524288,102.936542,1645.875007,DNR
1048576,38.591467,DNF,DNR
