txns,ours (s),plume (s)
1024,0.043446,1.673704
2048,0.073226,2.322283
4096,0.173405,3.744749
8192,0.284872,6.154758
16384,0.540678,10.462814
32768,1.098861,21.093477
65536,2.654762,48.139453
131072,5.524668,200.793848
262144,11.585843,559.240368
524288,23.678697,3121.076912
1048576,51.833583,DNF
