txns,ours (s),plume (s),dbcop (s)
1024,0.124815,1.852606,1.236163
2048,0.217237,2.502668,45.827633
4096,0.391472,3.95634,1309.56385
8192,0.762864,6.378448,DNR
16384,1.631576,11.771671,DNR
32768,3.520908,24.6304,DNR
65536,7.862186,56.864732,DNR
131072,19.213484,116.668159,DNR
262144,40.08643,553.157083,DNR
524288,90.804361,5006.348017,DNR
1048576,225.562607,DNF,DNR
