txns,ours (s),plume (s)
1024,0.013441,0.927033
2048,0.020605,1.340866
4096,0.036609,1.899304
8192,0.063534,3.099143
16384,0.113003,4.608306
32768,0.183903,7.834422
65536,0.380295,23.181147
131072,0.81366,84.221264
262144,1.915766,642.825902
524288,4.32197,3286.412374
1048576,9.176556,DNF
