txns,ours (s),plume (s),dbcop (s)
1024,0.147424,1.952214,0.319287
2048,0.273119,2.658576,6.489136
4096,0.524475,4.477573,578.479806
8192,0.983401,7.295547,DNR
16384,2.089716,11.160803,DNR
32768,4.529102,22.759001,DNR
65536,9.411787,50.889188,DNR
131072,21.362346,199.128876,DNR
262144,47.490573,567.414798,DNR
524288,111.841496,3031.266383,DNR
1048576,286.719803,DNF,DNR
