txns,ours (s),plume (s)
1024,0.051251,1.685211
2048,0.10485,2.502761
4096,0.133238,3.760596
8192,0.25561,5.561244
16384,0.487426,9.787184
32768,1.123773,25.326905
65536,2.241339,68.120458
131072,4.60174,223.424218
262144,9.616376,815.384796
524288,20.635355,2526.644171
1048576,49.463377,DNF
