txns,ours (s),plume (s)
1024,0.013389,0.897025
2048,0.021597,1.440574
4096,0.026321,2.109035
8192,0.066193,3.107193
16384,0.089845,4.683061
32768,0.195404,7.635796
65536,0.376543,13.450905
131072,0.705687,29.931987
262144,1.460887,81.660612
524288,3.145548,214.254557
1048576,6.677391,945.65696
