txns,ours (s),plume (s),dbcop (s)
1024,0.014062,0.860031,0.13491
2048,0.03342,1.506396,5.442706
4096,0.057052,1.931469,151.070429
8192,0.10369,3.07028,DNR
16384,0.1905,4.435684,DNR
32768,0.396857,8.102532,DNR
65536,0.852181,18.114831,DNR
131072,2.098586,66.853126,DNR
262144,4.456773,189.519073,DNR
524288,10.608123,649.497481,DNR
1048576,26.555426,2211.143569,DNR
