txns,ours (s),plume (s)
1024,0.00805,0.76096
2048,0.018217,1.388182
4096,0.018479,1.95026
8192,0.058366,3.097547
16384,0.108493,5.554222
32768,0.164955,13.16437
65536,0.332498,55.221931
131072,0.609777,206.698397
262144,1.336917,758.654951
524288,2.914259,2207.034528
1048576,6.110479,DNF
