#txns,ours,plume
100,0.009143,0.546307
500,0.013929,0.812864
1000,0.026365,0.965866
5000,0.080284,2.148881
10000,0.147877,3.072487
50000,0.573386,8.049549
100000,1.12457,18.165215
