#txns,ours,plume
100,0.007785,0.501636
500,0.007395,0.556479
1000,0.011285,0.627564
5000,0.030772,0.922416
10000,0.039808,1.776689
50000,0.155206,3.763204
100000,0.264275,6.981415
