#txns,ours,plume
100,0.005736,0.582451
500,0.007477,0.599256
1000,0.011423,0.769202
5000,0.034128,1.166031
10000,0.046932,2.053697
50000,0.181174,4.908524
100000,0.329556,9.284515
