#txns,ours,plume
100,0.006752,0.529434
500,0.017356,0.811523
1000,0.0258,0.940922
5000,0.091467,1.977373
10000,0.138207,3.029612
50000,0.656987,9.661991
100000,1.421471,21.62234
