#txns,ours,plume
100,0.005739,0.489134
500,0.009351,0.492503
1000,0.00896,0.653112
5000,0.021137,1.119045
10000,0.05199,1.849066
50000,0.133813,3.737706
100000,0.2606,6.701133
