#txns,ours,plume
100,0.009501,0.487454
500,0.014203,0.753799
1000,0.02551,0.921668
5000,0.094416,2.019619
10000,0.151368,3.337839
50000,0.645875,10.144243
100000,1.43261,24.14337
