#txns,ours,plume
100,0.006913,0.527568
500,0.013462,0.807784
1000,0.027728,0.935269
5000,0.084828,1.991255
10000,0.115512,3.081492
50000,0.55278,8.299368
100000,1.140403,18.431912
