#txns,ours,plume
100,0.006472,0.461996
500,0.016688,0.857852
1000,0.017558,0.872535
5000,0.059392,1.673519
10000,0.124851,2.255991
50000,0.542032,7.709383
100000,1.176685,15.334563
