#txns,ours,plume
100,0.013699,0.820548
500,0.067443,1.503254
1000,0.115346,1.978559
5000,0.442227,4.983745
10000,0.867007,7.962166
50000,4.592319,36.886709
100000,8.959515,102.836017
