#txns,ours,plume
100,0.006818,0.473259
500,0.016395,0.773915
1000,0.01754,0.863002
5000,0.088685,1.746147
10000,0.12186,2.393632
50000,0.500349,6.429992
100000,0.959446,13.501862
