#txns,ours,plume
100,0.009058,0.464203
500,0.015865,0.770117
1000,0.020172,0.928923
5000,0.071301,1.712121
10000,0.136289,2.306005
50000,0.552204,8.702243
100000,1.232581,21.401309
