#txns,ours,plume
100,0.006711,0.501255
500,0.013086,0.861107
1000,0.020204,0.923631
5000,0.052088,2.052341
10000,0.151119,2.882851
50000,0.63312,9.059515
100000,1.359759,18.405108
