#txns,ours,plume
100,0.008186,0.497915
500,0.016939,0.895137
1000,0.015079,0.876033
5000,0.073797,2.128254
10000,0.122159,2.846791
50000,0.526474,8.202198
100000,1.045665,15.928219
