#txns,ours,plume
100,0.008005,0.501348
500,0.010096,0.653841
1000,0.009362,0.731872
5000,0.027388,1.17952
10000,0.052017,2.107084
50000,0.180366,4.715138
100000,0.321442,8.341074
