#txns,ours,plume
100,0.008297,0.521144
500,0.011623,0.746213
1000,0.016263,0.838167
5000,0.070266,1.762385
10000,0.119461,2.381366
50000,0.474282,6.442019
100000,0.903221,11.899383
