#txns,ours,plume
100,0.008985,0.47214
500,0.015995,0.700261
1000,0.017168,0.878799
5000,0.064368,1.727063
10000,0.118132,2.346106
50000,0.485156,6.495832
100000,0.965789,14.323968
