#txns,ours,plume
100,0.005176,0.484305
500,0.015934,0.758286
1000,0.017583,0.885183
5000,0.06478,1.6568
10000,0.126834,2.418789
50000,0.564348,8.039172
100000,1.224422,19.587036
