#txns,ours,plume
100,0.005941,0.502558
500,0.008426,0.599528
1000,0.011521,0.696635
5000,0.021311,1.200906
10000,0.056292,2.062748
50000,0.197897,4.688873
100000,0.342294,7.576355
