#txns,ours,plume
100,0.016464,0.725966
500,0.040852,1.356719
1000,0.114045,1.870808
5000,0.415612,3.824721
10000,0.832937,7.120863
50000,4.462866,34.122568
100000,8.619025,104.667535
