#txns,ours,plume
100,0.008535,0.465061
500,0.009472,0.577542
1000,0.009493,0.649634
5000,0.027966,1.119135
10000,0.041975,1.66302
50000,0.145783,3.448222
100000,0.264027,6.153785
